{"x": 1.7563968489831367, "y": 0.5648936585309399, "z": 0.0, "qx": 0.0, "qy": 0.0, "qz": 0.13052619222005138, "qw": 0.9914448613738105}